EMPLOYEE_ID,FIRST_NAME,LAST_NAME,Gender,EMAIL,sal
198,Donald,OConnell,Male,DOCONNEL,4000
199,Douglas,Grant,Male,DGRANT,5000
200,Jennifer,Whalen,FeMale,JWHALEN,8000
201,Michael,Hartstein,FeMale,MHARTSTE,100000
202,Pat,Fay,FeMale,PFAY,56000
203,Susan,Mavris,FeMale,SMAVRIS,3453434
204,Hermann,Baer,FeMale,HBAER,34332
205,Shelley,Higgins,FeMale,SHIGGINS,4242
206,William,Gietz,Male,WGIETZ,4242424
100,Steven,King,FeMale,SKING,8000
101,Neena,Kochhar,FeMale,NKOCHHAR,24242
102,Lex,De Haan,Male,LDEHAAN,8000
103,Alexander,Hunold,FeMale,AHUNOLD,8000
104,Bruce,Ernst,FeMale,BERNST,8000
105,David,Austin,FeMale,DAUSTIN,8000
106,Valli,Pataballa,FeMale,VPATABAL,8000
107,Diana,Lorentz,FeMale,DLORENTZ,8000
108,Nancy,Greenberg,FeMale,NGREENBE,8000
109,Daniel,Faviet,FeMale,DFAVIET,8000
110,John,Chen,FeMale,JCHEN,8000
111,Ismael,Sciarra,FeMale,ISCIARRA,8000
112,Jose Manuel,Urman,FeMale,JMURMAN,8000
113,Luis,Popp,FeMale,LPOPP,8000
114,Den,Raphaely,FeMale,DRAPHEAL,8000
115,Alexander,Khoo,Male,AKHOO,8000
116,Shelli,Baida,Male,SBAIDA,8000
117,Sigal,Tobias,Male,STOBIAS,8000
118,Guy,Himuro,Male,GHIMURO,8000
119,Karen,Colmenares,Male,KCOLMENA,8000
120,Matthew,Weiss,Male,MWEISS,8000
121,Adam,Fripp,Male,AFRIPP,8000
122,Payam,Kaufling,Male,PKAUFLIN,8000
123,Shanta,Vollman,Male,SVOLLMAN,8000
124,Kevin,Mourgos,Male,KMOURGOS,8000
125,Julia,Nayer,FeMale,JNAYER,8000
126,Irene,Mikkilineni,FeMale,IMIKKILI,8000
127,James,Landry,FeMale,JLANDRY,8000
128,Steven,Markle,FeMale,SMARKLE,8000
129,Laura,Bissot,FeMale,LBISSOT,8000
130,Mozhe,Atkinson,FeMale,MATKINSO,8000
131,James,Marlow,FeMale,JAMRLOW,8000
132,TJ,Olson,FeMale,TJOLSON,8000
133,Jason,Mallin,FeMale,JMALLIN,8000
134,Michael,Rogers,FeMale,MROGERS,8000
135,Ki,Gee,Male,KGEE,8000
136,Hazel,Philtanker,Male,HPHILTAN,8000
137,Renske,Ladwig,Male,RLADWIG,8000
138,Stephen,Stiles,Male,SSTILES,8000
139,John,Seo,Male,JSEO,8000
140,Joshua,Patel,Male,JPATEL,8000
139,John,Seo,Male,kasi.jmr@gmail.com,8000
,,,,,8000
1008,Mohana kasi,S,Male,kasi.jmr@gmail.com,8000
,,,,,8000
1008,Mohana kasi,S,Male,kasi.jmr@gmail.com,8000
,,,,,8000
1008,Mohana kasi,S,Male,kasi.jmr@gmail.com,8000
,,,,,8000
1009,Mohana Rao,S,Male,kasi@gmail.com,8000
,,,,,8000
1011,Mohana,S,Male,jmr@gmail.com,8000
,,,,,8000
10098,kasi,S,Male,kasi.jmr123@gmail.com,8000
,,,,,8000
1008,Mohana kasi,S,Male,kasi.jmr@gmail.com,8000
,,,,,8000
1009,Mohana Rao,S,Male,kasi@gmail.com,8000
,,,,,8000
1011,Mohana,S,Male,jmr@gmail.com,8000
,,,,,8000
10098,kasi,S,Male,kasi.jmr123@gmail.com,8000
,,,,,8000
1008,Mohana kasi,S,Male,kasi.jmr@gmail.com,8000
,,,,,8000
1009,Mohana Rao,S,Male,kasi@gmail.com,8000
,,,,,8000
1011,Mohana,S,Male,jmr@gmail.com,8000
,,,,,8000
10098,kasi,S,Male,kasi.jmr123@gmail.com,8000
,,,,,8000
1008,Mohana kasi,S,Male,kasi.jmr@gmail.com,8000
,,,,,8000
1009,Mohana Rao,S,Male,kasi@gmail.com,8000
,,,,,8000
1011,Mohana,S,Male,jmr@gmail.com,8000
,,,,,8000
10098,kasi,S,Male,kasi.jmr123@gmail.com,8000
,,,,,8000
1008,Mohana kasi,S,Male,kasi.jmr@gmail.com,8000
,,,,,8000
1009,Mohana Rao,S,Male,kasi@gmail.com,8000
,,,,,8000
1011,Mohana,S,Male,jmr@gmail.com,8000
,,,,,8000
10098,kasi,S,Male,kasi.jmr123@gmail.com,8000
,,,,,8000
1008,Mohana kasi,S,Male,kasi.jmr@gmail.com,8000
,,,,,8000
1009,Mohana Rao,S,Male,kasi@gmail.com,8000
,,,,,8000
1011,Mohana,S,Male,jmr@gmail.com,8000
,,,,,8000
10098,kasi,S,Male,kasi.jmr123@gmail.com,8000
,,,,,8000
1008,Mohana kasi,S,Male,kasi.jmr@gmail.com,8000
,,,,,8000
1009,Mohana Rao,S,Male,kasi@gmail.com,8000
,,,,,8000
1011,Mohana,S,Male,jmr@gmail.com,8000
,,,,,8000
10098,kasi,S,Male,kasi.jmr123@gmail.com,8000
,,,,,8000
1008,Mohana kasi,S,Male,kasi.jmr@gmail.com,8000
,,,,,8000
1009,Mohana Rao,S,Male,kasi@gmail.com,8000
,,,,,8000
1011,Mohana,S,Male,jmr@gmail.com,8000
,,,,,8000
10098,kasi,S,Male,kasi.jmr123@gmail.com,8000
